<Device Name="Website">
  <Policies>
       <Policy ID="McAfeeWebGateway" PlatformBaseID="GenericWebApp" PlatformBaseType="Website" PlatformBaseProtocol="Https" AutoChangeOnAdd="No" AutoVerifyOnAdd="No">
          <Properties>
            <Required>
				        <Property Name="Username" />
						<Property Name="Address" />
						<Property Name="Port" />
            </Required>
            <Optional>
				        <Property Name="WebApplicationID" />
			      </Optional>
         </Properties>
		 <LinkedPasswords>
			  <Link Name="LogonAccount" PropertyIndex="1" />
			  <Link Name="ReconcileAccount" PropertyIndex="3" />
     </LinkedPasswords>
		 <ConnectionComponents>
			  <ConnectionComponent Id="PSM-Jenkins"/>
		 </ConnectionComponents>
     <TicketingSystem EnterTicketingInfo="No" ValidateTicketNumber="No" />
    </Policy>
  </Policies>
</Device>
